id,zipcode_id,avg,cards,date,merchants,txs
1,285,51.10774,3354,201501,10548,3354
2,285,49.17223,3243,201502,10036,3243
3,285,47.34347,3382,201503,11687,3382
4,285,46.41046,3346,201504,11422,3346
5,285,49.39189,3458,201505,12410,3458
6,285,48.20306,3483,201506,12567,3483
7,285,49.83919,3564,201507,14077,3564
8,285,49.93576,3303,201508,13380,3303
9,285,48.94284,3500,201509,12109,3500
10,285,46.9561,3502,201510,12201,3502
11,285,45.87919,3518,201511,12251,3518
12,285,49.83296,3578,201512,12760,3578
13,93,28.62784,16257,201501,26711,16257
14,93,26.1302,16703,201502,26193,16703
15,93,26.8302,16523,201503,29396,16523
16,93,27.5576,15564,201504,27494,15564
17,93,28.0673,15558,201505,28717,15558
18,93,29.83591,15177,201506,28535,15177
19,93,31.7367,15066,201507,31378,15066
20,93,35.27782,14054,201508,30536,14054
21,93,29.56725,15119,201509,27412,15119
22,93,28.30849,15533,201510,28683,15533
23,93,28.10727,16175,201511,29976,16175
24,93,31.89896,16636,201512,31149,16636
25,308,47.91287,4920,201501,12439,4920
26,308,45.61567,4792,201502,11448,4792
27,308,47.65362,4971,201503,13670,4971
28,308,48.0352,4948,201504,13455,4948
29,308,47.86289,5046,201505,14416,5046
30,308,48.58384,5161,201506,15138,5161
31,308,46.97833,5217,201507,17095,5217
32,308,47.72318,4916,201508,16213,4916
33,308,46.49482,5096,201509,14144,5096
34,308,44.42389,5127,201510,14202,5127
35,308,44.46724,5139,201511,13795,5139
36,308,46.85722,5280,201512,14890,5280
37,199,41.44049,3601,201501,11021,3601
38,199,39.30346,3571,201502,10172,3571
39,199,39.11022,3702,201503,11788,3702
40,199,38.97036,3675,201504,11655,3675
41,199,39.55518,3699,201505,12336,3699
42,199,39.74239,3793,201506,12653,3793
43,199,40.94765,3817,201507,14149,3817
44,199,40.81072,3648,201508,13332,3648
45,199,39.87774,3773,201509,12369,3773
46,199,40.4147,3846,201510,12453,3846
47,199,39.98826,3873,201511,12509,3873
48,199,42.07861,4020,201512,13498,4020
49,1,42.61849,7643,201501,15749,7643
50,1,41.75647,7311,201502,14082,7311
51,1,42.42789,7592,201503,16450,7592
52,1,43.27628,7691,201504,16755,7691
53,1,43.09216,7756,201505,17354,7756
54,1,44.52955,7834,201506,18114,7834
55,1,44.90018,7895,201507,20810,7895
56,1,45.23322,7654,201508,20754,7654
57,1,43.40336,7853,201509,17286,7853
58,1,41.69915,7869,201510,17319,7869
59,1,41.32849,7893,201511,16954,7893
60,1,43.16906,8130,201512,18446,8130
61,263,50.8009,3737,201501,10954,3737
62,263,49.94839,3575,201502,10386,3575
63,263,49.71466,3718,201503,12098,3718
64,263,50.36307,3748,201504,11795,3748
65,263,50.16236,3836,201505,12610,3836
66,263,48.7069,3873,201506,12846,3873
67,263,49.48708,3925,201507,14646,3925
68,263,49.59617,3691,201508,14376,3691
69,263,48.3266,3862,201509,12676,3862
70,263,48.70691,3872,201510,12689,3872
71,263,47.24331,3882,201511,12742,3882
72,263,48.46257,3992,201512,13513,3992
73,159,46.99429,7777,201501,16000,7777
74,159,44.91051,7479,201502,14712,7479
75,159,45.45807,7785,201503,17293,7785
76,159,46.31487,7838,201504,17161,7838
77,159,46.86296,7933,201505,17999,7933
78,159,46.86516,7941,201506,18478,7941
79,159,47.81998,8035,201507,21841,8035
80,159,48.44707,7754,201508,21680,7754
81,159,44.72244,8003,201509,18111,8003
82,159,44.95846,8013,201510,17818,8013
83,159,44.91218,8129,201511,17625,8129
84,159,47.49696,8375,201512,19302,8375
85,63,47.42101,3727,201501,9936,3727
86,63,44.94109,3600,201502,8941,3600
87,63,45.19179,3745,201503,10627,3745
88,63,46.41244,3748,201504,10222,3748
89,63,45.06219,3810,201505,10997,3810
90,63,47.81305,3832,201506,11071,3832
91,63,47.77876,3918,201507,13121,3918
92,63,49.17587,3697,201508,12560,3697
93,63,45.53946,3831,201509,11131,3831
94,63,45.69329,3909,201510,11110,3909
95,63,44.08493,3848,201511,10833,3848
96,63,47.62674,3979,201512,11776,3979
97,145,49.13963,4263,201501,11199,4263
98,145,45.46918,4059,201502,10263,4059
99,145,46.34562,4299,201503,12028,4299
100,145,48.01553,4255,201504,11994,4255
101,145,48.25182,4346,201505,12679,4346
102,145,47.55058,4433,201506,13061,4433
103,145,47.89145,4488,201507,14666,4488
104,145,48.17395,4272,201508,14552,4272
105,145,46.24638,4415,201509,12418,4415
106,145,45.43442,4435,201510,12690,4435
107,145,46.01064,4462,201511,12481,4462
108,145,46.96544,4592,201512,13251,4592
109,172,47.4821,4035,201501,11674,4035
110,172,46.65357,3894,201502,10744,3894
111,172,46.41846,4084,201503,12618,4084
112,172,47.86068,4091,201504,12440,4091
113,172,46.92328,4180,201505,13372,4180
114,172,47.40974,4262,201506,13706,4262
115,172,47.01876,4280,201507,15635,4280
116,172,47.51502,4095,201508,15187,4095
117,172,44.60338,4233,201509,13549,4233
118,172,45.48797,4242,201510,13588,4242
119,172,45.65514,4329,201511,13519,4329
120,172,48.00295,4480,201512,14388,4480
121,99,42.79542,5039,201501,9967,5039
122,99,40.85051,4892,201502,9156,4892
123,99,41.7869,5079,201503,10637,5079
124,99,42.2014,5129,201504,10727,5129
125,99,43.15594,5207,201505,11206,5207
126,99,42.7164,5214,201506,11525,5214
127,99,43.30204,5410,201507,13745,5410
128,99,43.64857,5191,201508,13413,5191
129,99,41.62392,5288,201509,11592,5288
130,99,40.86544,5349,201510,11473,5349
131,99,40.71908,5384,201511,11181,5384
132,99,43.23387,5555,201512,11843,5555
133,100,42.13837,3342,201501,9439,3342
134,100,39.69598,3285,201502,8718,3285
135,100,41.18184,3389,201503,9761,3389
136,100,41.26009,3407,201504,9656,3407
137,100,40.11715,3463,201505,10513,3463
138,100,41.40221,3504,201506,10714,3504
139,100,41.49622,3591,201507,12625,3591
140,100,41.99661,3476,201508,11906,3476
141,100,39.92107,3539,201509,10547,3539
142,100,38.51879,3605,201510,10493,3605
143,100,38.21451,3644,201511,10429,3644
144,100,40.63154,3720,201512,11261,3720
145,133,43.58811,1254,201501,4586,1254
146,133,42.75713,1198,201502,4212,1198
147,133,42.16057,1250,201503,4770,1250
148,133,42.58445,1232,201504,4791,1232
149,133,42.14978,1290,201505,5181,1290
150,133,43.81323,1267,201506,5601,1267
151,133,45.68893,1279,201507,6036,1279
152,133,45.32042,1258,201508,5515,1258
153,133,43.97769,1299,201509,5454,1299
154,133,42.27588,1305,201510,5521,1305
155,133,44.9877,1320,201511,5409,1320
156,133,47.27281,1343,201512,5857,1343
157,309,48.8313,1943,201501,6522,1943
158,309,48.43184,1911,201502,6260,1911
159,309,48.41656,1964,201503,7174,1964
160,309,47.52571,1947,201504,7031,1947
161,309,48.02503,2030,201505,7552,2030
162,309,50.66817,2064,201506,7916,2064
163,309,49.5568,2082,201507,8815,2082
164,309,49.82001,1950,201508,8103,1950
165,309,49.02398,2007,201509,7589,2007
166,309,49.65022,2043,201510,7616,2043
167,309,46.34382,1995,201511,7461,1995
168,309,47.66349,2043,201512,7837,2043
169,82,44.08728,5689,201501,13578,5689
170,82,41.88903,5518,201502,12776,5518
171,82,42.53452,5711,201503,14885,5711
172,82,42.29274,5688,201504,14613,5688
173,82,43.30421,5856,201505,15585,5856
174,82,43.85131,5914,201506,16114,5914
175,82,44.52754,6081,201507,18521,6081
176,82,44.73507,5708,201508,17793,5708
177,82,42.77281,5930,201509,15696,5930
178,82,40.61552,5951,201510,15463,5951
179,82,42.04202,6013,201511,15332,6013
180,82,43.03845,6248,201512,16728,6248
181,20,47.57156,3766,201501,10072,3766
182,20,44.14818,3643,201502,9431,3643
183,20,46.9965,3791,201503,11098,3791
184,20,46.51122,3843,201504,11060,3843
185,20,46.09146,3870,201505,11616,3870
186,20,47.90663,3892,201506,11980,3892
187,20,48.09231,4000,201507,13597,4000
188,20,48.67473,3826,201508,13343,3826
189,20,47.34236,3963,201509,11569,3963
190,20,46.40204,4008,201510,11535,4008
191,20,45.40584,4052,201511,11392,4052
192,20,48.17248,4166,201512,12437,4166
193,146,41.29137,7531,201501,12976,7531
194,146,39.87327,7284,201502,12292,7284
195,146,41.43652,7599,201503,14048,7599
196,146,40.46038,7656,201504,14063,7656
197,146,41.01369,7772,201505,15016,7772
198,146,41.85656,7834,201506,15436,7834
199,146,42.57256,7980,201507,17727,7980
200,146,42.68934,7833,201508,18225,7833
201,146,40.54341,7903,201509,15329,7903
202,146,39.81102,7948,201510,14980,7948
203,146,41.01243,8054,201511,14671,8054
204,146,41.30622,8326,201512,15732,8326
205,200,40.80153,4940,201501,8298,4940
206,200,39.82638,4779,201502,7545,4779
207,200,40.8676,5010,201503,8663,5010
208,200,40.19919,5055,201504,8722,5055
209,200,40.31265,5164,201505,9302,5164
210,200,41.70301,5151,201506,9416,5151
211,200,43.25617,5268,201507,11465,5268
212,200,42.96017,5152,201508,11622,5152
213,200,41.21567,5246,201509,9315,5246
214,200,39.36815,5296,201510,9446,5296
215,200,40.53008,5331,201511,9248,5331
216,200,41.65475,5478,201512,9909,5478
217,310,42.14412,6092,201501,10889,6092
218,310,40.86791,5887,201502,10068,5887
219,310,43.18322,6196,201503,11628,6196
220,310,42.51688,6174,201504,11833,6174
221,310,42.50948,6310,201505,12236,6310
222,310,43.05101,6366,201506,12796,6366
223,310,44.71154,6524,201507,15189,6524
224,310,44.26199,6346,201508,15035,6346
225,310,42.38786,6408,201509,12646,6408
226,310,41.48115,6484,201510,12417,6484
227,310,41.27931,6549,201511,12411,6549
228,310,42.30141,6724,201512,13465,6724
229,238,47.68766,5529,201501,13064,5529
230,238,47.36652,5350,201502,12040,5350
231,238,46.63311,5564,201503,14167,5564
232,238,47.54297,5561,201504,14136,5561
233,238,48.59818,5709,201505,14573,5709
234,238,47.72619,5746,201506,15333,5746
235,238,47.8488,5876,201507,17330,5876
236,238,49.75841,5592,201508,16995,5592
237,238,48.01141,5834,201509,14750,5834
238,238,46.27865,5870,201510,14977,5870
239,238,44.36432,5817,201511,14676,5817
240,238,45.97513,6030,201512,15817,6030
241,294,41.88806,6036,201501,9176,6036
242,294,40.38393,5795,201502,8604,5795
243,294,41.48971,6049,201503,9923,6049
244,294,41.48619,6132,201504,10000,6132
245,294,41.60042,6236,201505,10535,6236
246,294,41.82342,6269,201506,10769,6269
247,294,44.48393,6403,201507,12806,6403
248,294,44.62156,6247,201508,13193,6247
249,294,42.05844,6406,201509,10788,6406
250,294,40.21156,6497,201510,10531,6497
251,294,40.92198,6519,201511,10251,6519
252,294,42.60577,6770,201512,11074,6770
253,219,42.69694,5830,201501,11216,5830
254,219,40.38714,5634,201502,10177,5634
255,219,41.93697,5883,201503,12230,5883
256,219,41.98856,5849,201504,11961,5849
257,219,42.23825,5921,201505,12499,5921
258,219,43.07664,6068,201506,12947,6068
259,219,44.44795,6079,201507,15537,6079
260,219,45.29793,5896,201508,15548,5896
261,219,41.60041,6096,201509,12958,6096
262,219,40.63396,6132,201510,12682,6132
263,219,40.59853,6188,201511,12436,6188
264,219,43.46258,6405,201512,13587,6405
265,233,51.79644,3447,201501,9368,3447
266,233,51.48312,3320,201502,9130,3320
267,233,51.54023,3439,201503,10528,3439
268,233,52.81025,3483,201504,10549,3483
269,233,51.80119,3515,201505,10743,3515
270,233,51.87239,3595,201506,10811,3595
271,233,51.48653,3645,201507,12643,3645
272,233,51.85526,3495,201508,12781,3495
273,233,51.9687,3618,201509,10541,3618
274,233,50.98981,3580,201510,10770,3580
275,233,49.57062,3620,201511,10520,3620
276,233,51.16883,3716,201512,11479,3716
277,134,42.71122,4849,201501,9132,4849
278,134,41.91134,4658,201502,8376,4658
279,134,42.54189,4823,201503,9609,4823
280,134,42.52688,4818,201504,9575,4818
281,134,44.46816,4926,201505,10046,4926
282,134,44.53379,4946,201506,10298,4946
283,134,44.54559,4990,201507,12272,4990
284,134,43.87585,4846,201508,12312,4846
285,134,43.61127,4882,201509,10126,4882
286,134,42.58723,4900,201510,10114,4900
287,134,42.04647,4996,201511,9898,4996
288,134,44.21611,5237,201512,10704,5237
289,277,42.26918,5495,201501,9236,5495
290,277,40.48721,5361,201502,8584,5361
291,277,42.32007,5599,201503,10000,5599
292,277,42.67522,5584,201504,9936,5584
293,277,41.37455,5672,201505,10595,5672
294,277,44.41185,5766,201506,10980,5766
295,277,44.31995,5896,201507,12927,5896
296,277,43.83551,5727,201508,12926,5727
297,277,41.17669,5781,201509,10787,5781
298,277,41.72255,5841,201510,10737,5841
299,277,41.5579,5912,201511,10542,5912
300,277,42.63881,6067,201512,11209,6067
301,201,42.15051,4777,201501,8542,4777
302,201,41.20261,4660,201502,8003,4660
303,201,40.38529,4868,201503,9328,4868
304,201,41.82361,4876,201504,9291,4876
305,201,41.57511,4964,201505,9695,4964
306,201,41.90646,5067,201506,10122,5067
307,201,43.38061,5152,201507,11850,5152
308,201,43.01146,4974,201508,11752,4974
309,201,41.86124,5112,201509,10042,5112
310,201,41.36777,5192,201510,9792,5192
311,201,41.06042,5165,201511,9821,5165
312,201,42.26156,5378,201512,10618,5378
313,185,45.14137,6833,201501,13760,6833
314,185,42.8473,6596,201502,12784,6596
315,185,44.71242,6848,201503,15152,6848
316,185,43.46615,6824,201504,15055,6824
317,185,44.7944,7013,201505,15762,7013
318,185,46.0706,7032,201506,16077,7032
319,185,46.30959,7128,201507,18460,7128
320,185,46.69053,6854,201508,18293,6854
321,185,44.46477,7027,201509,15968,7027
322,185,43.25301,7112,201510,15809,7112
323,185,44.08889,7189,201511,15330,7189
324,185,45.10093,7367,201512,16439,7367
325,147,45.82695,5761,201501,13536,5761
326,147,43.35031,5572,201502,12569,5572
327,147,44.09984,5810,201503,14716,5810
328,147,44.40162,5818,201504,14789,5818
329,147,44.56756,5947,201505,15402,5947
330,147,45.14527,6034,201506,15947,6034
331,147,45.05318,6101,201507,18537,6101
332,147,44.92881,5866,201508,18245,5866
333,147,43.01811,6099,201509,15982,6099
334,147,42.77005,6098,201510,15902,6098
335,147,43.19203,6125,201511,15366,6125
336,147,45.74434,6297,201512,16611,6297
337,257,43.22418,7431,201501,13271,7431
338,257,41.53314,7157,201502,12601,7157
339,257,42.88445,7465,201503,14900,7465
340,257,43.73041,7424,201504,14865,7424
341,257,42.74967,7630,201505,15886,7630
342,257,42.76563,7652,201506,16077,7652
343,257,43.61319,7734,201507,18744,7734
344,257,44.25267,7540,201508,18839,7540
345,257,42.01271,7712,201509,15783,7712
346,257,41.50125,7701,201510,15580,7701
347,257,41.57846,7839,201511,15239,7839
348,257,43.67637,8104,201512,16528,8104
349,6,44.41778,7984,201501,13096,7984
350,6,42.61184,7705,201502,12257,7705
351,6,44.30726,8044,201503,14448,8044
352,6,43.81794,8146,201504,14587,8146
353,6,44.86917,8270,201505,15194,8270
354,6,44.93984,8370,201506,15892,8370
355,6,45.87392,8440,201507,18724,8440
356,6,46.20287,8125,201508,18695,8125
357,6,43.90927,8317,201509,15430,8317
358,6,42.99702,8465,201510,15456,8465
359,6,42.10383,8456,201511,14840,8456
360,6,44.91329,8781,201512,15939,8781
361,311,40.83019,5205,201501,8679,5205
362,311,38.78465,5115,201502,8091,5115
363,311,40.28366,5357,201503,9410,5357
364,311,39.76183,5313,201504,9421,5313
365,311,40.46854,5414,201505,9835,5414
366,311,41.12277,5513,201506,10301,5513
367,311,42.49594,5525,201507,12191,5525
368,311,43.4962,5373,201508,12381,5373
369,311,39.96045,5533,201509,9979,5533
370,311,39.39421,5605,201510,9777,5605
371,311,39.35497,5605,201511,9541,5605
372,311,42.00009,5797,201512,10385,5797
373,258,42.47039,6467,201501,10370,6467
374,258,41.61542,6290,201502,9671,6290
375,258,42.31941,6503,201503,11209,6503
376,258,41.70656,6544,201504,11373,6544
377,258,42.33864,6675,201505,11807,6675
378,258,42.98261,6695,201506,12253,6695
379,258,43.82211,6798,201507,14679,6798
380,258,45.0833,6645,201508,15402,6645
381,258,42.66136,6704,201509,11899,6704
382,258,41.94862,6742,201510,11698,6742
383,258,42.36951,6811,201511,11462,6811
384,258,44.2315,7088,201512,12353,7088
385,278,45.47171,7764,201501,15295,7764
386,278,43.78935,7527,201502,14383,7527
387,278,44.3848,7769,201503,17048,7769
388,278,44.66051,7809,201504,16923,7809
389,278,44.84599,7981,201505,17548,7981
390,278,45.95043,8007,201506,18097,8007
391,278,45.68856,8164,201507,21245,8164
392,278,46.28095,7832,201508,21166,7832
393,278,44.80774,8089,201509,17835,8089
394,278,43.15088,8125,201510,17682,8125
395,278,42.88835,8190,201511,17533,8190
396,278,45.39729,8537,201512,18873,8537
397,234,47.28928,6967,201501,13890,6967
398,234,45.2218,6731,201502,13116,6731
399,234,46.17942,6987,201503,15292,6987
400,234,45.85019,7001,201504,15496,7001
401,234,46.37842,7174,201505,16024,7174
402,234,49.01673,7249,201506,16351,7249
403,234,47.91963,7366,201507,19269,7366
404,234,47.67441,7066,201508,19378,7066
405,234,47.85833,7217,201509,16052,7217
406,234,47.83185,7217,201510,15756,7217
407,234,48.19415,7265,201511,15375,7265
408,234,48.60012,7616,201512,16880,7616
409,210,46.8482,7545,201501,14583,7545
410,210,44.86564,7345,201502,13511,7345
411,210,44.87878,7623,201503,16041,7623
412,210,46.13924,7615,201504,15808,7615
413,210,45.47951,7788,201505,16729,7788
414,210,45.96106,7796,201506,16938,7796
415,210,46.60746,7923,201507,19879,7923
416,210,47.46689,7616,201508,20445,7616
417,210,45.74296,7885,201509,16844,7885
418,210,43.98841,7895,201510,16358,7895
419,210,43.95783,7937,201511,16006,7937
420,210,47.03176,8183,201512,17384,8183
421,160,50.62607,3568,201501,10361,3568
422,160,48.60298,3442,201502,9488,3442
423,160,49.90235,3603,201503,11442,3603
424,160,49.38558,3578,201504,11220,3578
425,160,48.695,3645,201505,11620,3645
426,160,49.1826,3710,201506,12135,3710
427,160,48.15934,3759,201507,13794,3759
428,160,49.88228,3579,201508,13926,3579
429,160,47.46968,3733,201509,12031,3733
430,160,47.7986,3706,201510,11950,3706
431,160,46.87263,3749,201511,11929,3749
432,160,48.50528,3898,201512,12827,3898
433,135,42.65374,3399,201501,7085,3399
434,135,40.62256,3307,201502,6578,3307
435,135,40.93502,3459,201503,7540,3459
436,135,42.44848,3465,201504,7444,3465
437,135,41.41247,3498,201505,7942,3498
438,135,43.3813,3543,201506,8104,3543
439,135,43.09473,3623,201507,9482,3623
440,135,43.49181,3555,201508,9753,3555
441,135,41.34676,3609,201509,8099,3609
442,135,41.73471,3633,201510,8013,3633
443,135,40.89062,3612,201511,7871,3612
444,135,42.25111,3772,201512,8654,3772
445,117,40.28342,4574,201501,8329,4574
446,117,39.04011,4411,201502,7744,4411
447,117,39.99188,4627,201503,8897,4627
448,117,41.00755,4632,201504,8759,4632
449,117,40.71791,4725,201505,9325,4725
450,117,42.80318,4758,201506,9829,4758
451,117,42.04954,4888,201507,11547,4888
452,117,41.96864,4728,201508,11452,4728
453,117,41.59829,4797,201509,9478,4797
454,117,39.19912,4823,201510,9507,4823
455,117,39.63565,4945,201511,9417,4945
456,117,40.51068,5086,201512,10047,5086
457,286,41.94891,6548,201501,12533,6548
458,286,40.46748,6322,201502,11679,6322
459,286,40.93968,6579,201503,13402,6579
460,286,41.38171,6602,201504,13526,6602
461,286,42.06799,6789,201505,14216,6789
462,286,42.63687,6833,201506,14993,6833
463,286,43.04571,6988,201507,17164,6988
464,286,43.04034,6672,201508,16712,6672
465,286,42.06782,6887,201509,14297,6887
466,286,40.65703,6941,201510,14090,6941
467,286,41.5019,6941,201511,14239,6941
468,286,42.1988,7231,201512,15434,7231
469,264,51.43111,785,201501,2806,785
470,264,46.64698,753,201502,2524,753
471,264,49.96288,784,201503,2998,784
472,264,47.84585,780,201504,2898,780
473,264,50.08399,797,201505,3109,797
474,264,51.41143,794,201506,3186,794
475,264,50.92698,796,201507,3595,796
476,264,51.39428,765,201508,3320,765
477,264,47.28524,808,201509,3097,808
478,264,47.71611,825,201510,3206,825
479,264,50.15486,839,201511,3047,839
480,264,49.48501,886,201512,3536,886
481,113,43.21571,6351,201501,10415,6351
482,113,41.03777,6200,201502,9563,6200
483,113,41.28612,6494,201503,11291,6494
484,113,42.22367,6447,201504,11217,6447
485,113,42.64065,6626,201505,11836,6626
486,113,42.45311,6693,201506,12094,6693
487,113,43.77422,6742,201507,14505,6742
488,113,44.54075,6612,201508,14573,6612
489,113,42.37072,6724,201509,11908,6724
490,113,41.20056,6716,201510,11847,6716
491,113,42.42835,6843,201511,11716,6843
492,113,43.77938,7055,201512,12557,7055
493,71,45.65469,4511,201501,9750,4511
494,71,44.5402,4428,201502,9159,4428
495,71,45.02171,4590,201503,10950,4590
496,71,45.14866,4622,201504,10997,4622
497,71,44.6562,4665,201505,11400,4665
498,71,46.43778,4689,201506,11578,4689
499,71,46.70031,4807,201507,13552,4807
500,71,46.47658,4605,201508,13298,4605
501,71,45.10301,4786,201509,11192,4786
502,71,43.16465,4800,201510,11030,4800
503,71,43.38758,4779,201511,11003,4779
504,71,45.63315,4995,201512,12128,4995
505,211,47.94285,7866,201501,15576,7866
506,211,46.53647,7528,201502,14463,7528
507,211,47.84827,7873,201503,16960,7873
508,211,47.26958,7926,201504,16934,7926
509,211,48.3655,7987,201505,17902,7987
510,211,49.23798,8129,201506,18193,8129
511,211,49.31109,8182,201507,21311,8182
512,211,48.46223,7873,201508,21477,7873
513,211,47.08686,8071,201509,17759,8071
514,211,47.43471,8135,201510,17802,8135
515,211,46.80145,8140,201511,17478,8140
516,211,49.39763,8485,201512,18903,8485
517,312,42.38145,4996,201501,8510,4996
518,312,40.86003,4844,201502,7825,4844
519,312,42.79162,5051,201503,9026,5051
520,312,41.97931,5028,201504,9192,5028
521,312,43.8756,5101,201505,9678,5101
522,312,43.7024,5157,201506,10075,5157
523,312,45.01953,5213,201507,12052,5213
524,312,43.71344,5092,201508,11867,5092
525,312,43.0724,5201,201509,9687,5201
526,312,41.80517,5218,201510,9599,5218
527,312,42.79235,5238,201511,9488,5238
528,312,44.70425,5470,201512,10098,5470
529,148,41.78631,8256,201501,16262,8256
530,148,41.32823,8011,201502,15093,8011
531,148,42.41338,8407,201503,17404,8407
532,148,42.10558,8459,201504,17619,8459
533,148,42.75036,8554,201505,18382,8554
534,148,43.87121,8642,201506,19196,8642
535,148,44.11101,8697,201507,21985,8697
536,148,45.49316,8413,201508,22089,8413
537,148,42.32438,8568,201509,18140,8568
538,148,40.934,8680,201510,18192,8680
539,148,41.26188,8721,201511,17779,8721
540,148,42.96328,8972,201512,19508,8972
541,83,48.20039,1342,201501,4616,1342
542,83,46.95496,1347,201502,4571,1347
543,83,47.08691,1402,201503,5041,1402
544,83,48.39138,1414,201504,5078,1414
545,83,48.69389,1441,201505,5349,1441
546,83,48.68431,1441,201506,5623,1441
547,83,46.57441,1467,201507,6212,1467
548,83,49.14946,1356,201508,5781,1356
549,83,46.3194,1457,201509,5452,1457
550,83,47.48776,1436,201510,5439,1436
551,83,45.52068,1405,201511,5372,1405
552,83,50.3928,1473,201512,5876,1473
553,161,44.47688,5505,201501,9970,5505
554,161,41.78441,5417,201502,9155,5417
555,161,44.04704,5638,201503,10787,5638
556,161,42.81129,5626,201504,10918,5626
557,161,43.72938,5748,201505,11212,5748
558,161,44.45806,5898,201506,11669,5898
559,161,45.66114,5983,201507,14033,5983
560,161,45.4859,5838,201508,13971,5838
561,161,44.35338,5908,201509,11620,5908
562,161,42.69037,5960,201510,11643,5960
563,161,42.46458,5928,201511,11164,5928
564,161,44.33794,6230,201512,12298,6230
565,136,43.61251,389,201501,1339,389
566,136,42.93511,375,201502,1196,375
567,136,44.26413,389,201503,1266,389
568,136,43.02851,395,201504,1335,395
569,136,43.42687,414,201505,1398,414
570,136,44.47876,411,201506,1423,411
571,136,46.60093,420,201507,1638,420
572,136,45.65045,397,201508,1605,397
573,136,42.591,417,201509,1443,417
574,136,41.08369,415,201510,1446,415
575,136,41.69203,410,201511,1389,410
576,136,44.43206,425,201512,1637,425
577,45,41.36195,1718,201501,4966,1718
578,45,39.69218,1672,201502,4413,1672
579,45,40.81805,1754,201503,5438,1754
580,45,40.66044,1750,201504,5371,1750
581,45,41.17781,1791,201505,5580,1791
582,45,42.10809,1830,201506,5712,1830
583,45,42.35308,1862,201507,6884,1862
584,45,44.73363,1774,201508,6732,1774
585,45,40.9616,1856,201509,5274,1856
586,45,40.2386,1856,201510,5513,1856
587,45,37.73858,1865,201511,5465,1865
588,45,43.55648,1937,201512,6132,1937
589,173,43.63538,7457,201501,15330,7457
590,173,42.15409,7321,201502,14457,7321
591,173,41.83853,7522,201503,17080,7522
592,173,42.64371,7577,201504,17057,7577
593,173,42.36227,7691,201505,17553,7691
594,173,42.38332,7750,201506,18076,7750
595,173,43.59034,7891,201507,21362,7891
596,173,45.31282,7558,201508,22464,7558
597,173,42.27728,7818,201509,16933,7818
598,173,41.54423,7850,201510,16974,7850
599,173,41.94878,8002,201511,16886,8002
600,173,43.93471,8265,201512,19065,8265
601,94,39.63382,2618,201501,6012,2618
602,94,37.36928,2579,201502,5345,2579
603,94,37.25369,2623,201503,6169,2623
604,94,37.76865,2655,201504,6181,2655
605,94,37.91002,2698,201505,6659,2698
606,94,38.20376,2697,201506,6855,2697
607,94,39.75404,2760,201507,8134,2760
608,94,39.90382,2705,201508,8246,2705
609,94,38.96187,2773,201509,6547,2773
610,94,37.3544,2770,201510,6750,2770
611,94,38.45696,2803,201511,6470,2803
612,94,39.13774,2946,201512,7265,2946
613,95,35.9457,31,201501,142,31
614,95,37.82658,28,201502,143,28
615,95,37.91386,32,201503,150,32
616,95,30.60151,29,201504,137,29
617,95,37.64137,26,201505,142,26
618,95,42.9124,27,201506,186,27
619,95,41.12272,30,201507,176,30
620,95,50.47826,32,201508,153,32
621,95,31.52035,29,201509,125,29
622,95,43.19843,33,201510,162,33
623,95,42.51514,32,201511,165,32
624,95,41.86591,34,201512,185,34
625,114,39.83126,3225,201501,6080,3225
626,114,38.85298,3159,201502,5799,3159
627,114,40.30876,3329,201503,6613,3329
628,114,38.70754,3320,201504,6809,3320
629,114,39.76667,3373,201505,7032,3373
630,114,39.41048,3386,201506,7294,3386
631,114,41.00426,3439,201507,8317,3439
632,114,40.01046,3389,201508,8564,3389
633,114,39.69563,3414,201509,7178,3414
634,114,38.88145,3447,201510,7068,3447
635,114,39.33735,3450,201511,7013,3450
636,114,40.41548,3558,201512,7607,3558
637,2,40.49612,2496,201501,5112,2496
638,2,39.52519,2448,201502,4718,2448
639,2,40.77672,2521,201503,5650,2521
640,2,40.65551,2510,201504,5541,2510
641,2,40.83703,2543,201505,5679,2543
642,2,41.18349,2539,201506,5984,2539
643,2,42.84373,2574,201507,7014,2574
644,2,44.76913,2510,201508,7185,2510
645,2,39.91056,2580,201509,5693,2580
646,2,39.45605,2562,201510,5676,2562
647,2,39.7095,2569,201511,5612,2569
648,2,41.89702,2721,201512,6244,2721
649,265,48.99166,620,201501,2488,620
650,265,49.60366,611,201502,2214,611
651,265,45.36429,626,201503,2611,626
652,265,50.24052,630,201504,2599,630
653,265,47.52144,639,201505,2781,639
654,265,46.72619,649,201506,2840,649
655,265,45.98,656,201507,3020,656
656,265,48.67439,637,201508,3105,637
657,265,44.94984,651,201509,2555,651
658,265,41.37366,634,201510,2610,634
659,265,41.40303,649,201511,2540,649
660,265,45.12683,668,201512,2993,668
661,212,39.62523,3,201501,33,3
662,212,23.40644,3,201502,41,3
663,212,36.42833,3,201503,28,3
664,212,23.23737,3,201504,18,3
665,212,22.79174,4,201506,23,4
666,212,18.28125,3,201508,8,3
667,212,22.83333,3,201509,21,3
668,212,14.99261,3,201510,19,3
669,212,19.69478,3,201511,21,3
670,212,23.59833,3,201512,18,3
671,225,80.77552,4,201501,29,4
672,225,86.5818,6,201502,25,6
673,225,86.89059,5,201503,26,5
674,225,77.53,5,201504,23,5
675,225,82.32408,3,201505,26,3
676,225,194.38207,6,201506,18,6
677,225,128.12315,6,201507,33,6
678,225,67.40422,6,201508,29,6
679,225,115.92977,5,201509,25,5
680,225,118.98794,6,201510,33,6
681,225,36.80927,4,201511,36,4
682,225,44.22213,7,201512,35,7
683,101,39.78038,38,201501,200,38
684,101,35.16014,32,201502,144,32
685,101,33.70524,34,201503,192,34
686,101,35.43888,31,201504,168,31
687,101,49.82282,33,201505,205,33
688,101,36.73888,36,201506,202,36
689,101,35.6888,35,201507,215,35
690,101,43.97454,38,201508,198,38
691,101,33.62295,34,201509,181,34
692,101,36.64687,30,201510,184,30
693,101,47.83119,29,201511,159,29
694,101,49.04533,33,201512,209,33
695,21,43.17973,7258,201501,10151,7258
696,21,41.49007,7074,201502,9552,7074
697,21,41.77975,7297,201503,11203,7297
698,21,41.97441,7364,201504,11318,7364
699,21,42.75767,7431,201505,11482,7431
700,21,42.40181,7507,201506,12037,7507
701,21,43.39528,7642,201507,14629,7642
702,21,44.41817,7429,201508,15428,7429
703,21,42.84163,7619,201509,11595,7619
704,21,41.49741,7666,201510,11516,7666
705,21,41.6165,7676,201511,11097,7676
706,21,43.19083,8002,201512,12369,8002
